﻿<?xml version="1.0" encoding="utf-8"?>
<deployment>
  <id>79f96512-ca5a-4663-954e-a85987913a12</id>
  <author>N/A</author>
  <deployer>Push-Deployer</deployer>
  <authorEmail>N/A</authorEmail>
  <message>Created via a push deployment</message>
  <progress></progress>
  <status>Success</status>
  <statusText></statusText>
  <lastSuccessEndTime>2025-11-25T06:10:48.5714848Z</lastSuccessEndTime>
  <receivedTime>2025-11-25T06:04:31.1954726Z</receivedTime>
  <startTime>2025-11-25T06:04:32.8847571Z</startTime>
  <endTime>2025-11-25T06:10:48.5714848Z</endTime>
  <complete>True</complete>
  <is_temp>False</is_temp>
  <is_readonly>True</is_readonly>
  <buildSummary />
</deployment>