<step title="Incoming Request" date="2025-11-25T06:30:41.610" instance="a48454" url="/deploy?scmType=ExternalGit&amp;isAsync=true" method="POST" type="request" pid="774,1,19" Host="bb-test-app.scm.azurewebsites.net" User-Agent="Azure-WebSites-Controller/106.0.7.121" Authorization="Bas..." Expect="100-continue" Content-Length="90" x-ms-request-id="a4f3ac5e-7448-4171-b93f-47ad89e67bee" X-ARR-LOG-ID="a4f3ac5e-7448-4171-b93f-47ad89e67bee" CLIENT-IP="20.90.134.27:4099" X-SITE-DEPLOYMENT-ID="bb-test-app" WAS-DEFAULT-HOSTNAME="bb-test-app.scm.azurewebsites.net" X-MS-PLATFORM-INTERNAL="True" X-Forwarded-Proto="https" X-AppService-Proto="https" X-Forwarded-TlsVersion="1.3" X-WAWS-Unencoded-URL="/deploy?scmType=ExternalGit&amp;isAsync=true" X-Client-IP="20.90.134.27" X-Client-Port="4099" >
  <step title="Cleanup Xml Logs" date="2025-11-25T06:30:41.617" /><!-- duration: 14ms -->
  <step title="FetchHandler" date="2025-11-25T06:30:41.650" >
    <step title="Executing external process" date="2025-11-25T06:30:41.757" type="process" path="git" arguments="rev-parse --git-dir" /><!-- duration: 55ms -->
    <step title="Executing external process" date="2025-11-25T06:30:41.817" type="process" path="git" arguments="rev-parse --git-dir" /><!-- duration: 13ms -->
    <step title="Executing external process" date="2025-11-25T06:30:41.833" type="process" path="git" arguments="log -n 1 main --" /><!-- duration: 43ms -->
    <step title="Start deployment in the background" date="2025-11-25T06:30:41.881" >
      <step title="Executing external process" date="2025-11-25T06:30:41.903" type="process" path="git" arguments="rev-parse --git-dir" /><!-- duration: 15ms -->
      <step title="Executing external process" date="2025-11-25T06:30:41.938" type="process" path="git" arguments="rev-parse --git-dir" /><!-- duration: 40ms -->
      <step title="Executing external process" date="2025-11-25T06:30:41.981" type="process" path="git" arguments="log -n 1 main --" /><!-- duration: 20ms -->
      <step title="Acquiring Deployment Lock" date="2025-11-25T06:30:42.008" /><!-- duration: 2ms -->
      <step title="Acquired Deployment Lock" date="2025-11-25T06:30:42.030" /><!-- duration: 2ms -->
    </step><!-- duration: 224ms -->
  </step><!-- duration: 457ms -->
  <step title="Outgoing response" date="2025-11-25T06:30:42.111" type="response" statusCode="202" statusText="Accepted" /><!-- duration: 2ms -->
</step><!-- duration: 504ms -->
