<step title="BackgroundTrace" date="2025-11-25T06:04:23.778" instance="a48454" url="/api/zipdeploy" method="POST" >
  <step title="Cleanup Xml Logs" date="2025-11-25T06:04:23.797" /><!-- duration: 18ms -->
  <step title="Creating temporary deployment - FetchDeploymentManager" date="2025-11-25T06:04:24.765" /><!-- duration: 10ms -->
  <step title="Creating temporary deployment" date="2025-11-25T06:04:24.814" /><!-- duration: 283ms -->
  <step title="Performing fetch based deployment" date="2025-11-25T06:04:25.531" >
    <step title="Cleaning up temp folders from previous zip deployments and extracting pushed zip file /tmp/zipdeploy/81075195-6c4a-40cb-af94-b1b67cbdf522.zip (0.53 MB) to /tmp/zipdeploy/extracted" date="2025-11-25T06:04:27.274" >
      <step title="ChmodRecursive Process exited with total time taken in ms: 297" date="2025-11-25T06:04:28.628" /><!-- duration: 19ms -->
    </step><!-- duration: 1384ms -->
    <step title="Deployment timer started" date="2025-11-25T06:04:30.707" >
      <step title="DeploymentManager.Deploy(id:79f96512-ca5a-4663-954e-a85987913a12)" date="2025-11-25T06:04:30.745" >
        <step title="Collecting changeset information" date="2025-11-25T06:04:31.000" /><!-- duration: 368ms -->
        <step title="Updating submodules" date="2025-11-25T06:04:31.408" /><!-- duration: 1240ms -->
        <step title="Determining deployment builder" date="2025-11-25T06:04:32.945" >
          <step title="Builder is OryxBuilder" date="2025-11-25T06:04:32.965" /><!-- duration: 9ms -->
        </step><!-- duration: 36ms -->
        <step title="PreDeployment: context.CleanOutputPath False" date="2025-11-25T06:04:33.028" >
          <step title="PreDeployment: context.OutputPath /home/site/wwwroot" date="2025-11-25T06:04:33.185" >
            <step title="Building" date="2025-11-25T06:04:33.477" >
              <step title="Executing external process" date="2025-11-25T06:04:33.912" type="process" path="bash" arguments="-c &quot;oryx build /tmp/zipdeploy/extracted -o /home/site/wwwroot --platform python --platform-version 3.11 -p virtualenv_name=antenv --log-file /tmp/build-debug.log  -i /tmp/8de2be880ffa936 --compress-destination-dir | tee /tmp/oryx-build.log ; exit $PIPESTATUS &quot;" >
                <step title="Cpu: python(935,26.270s)+ts(936,0.120s)+build.sh(934,0.000s)+build.sh(933,0.000s)+build.sh(828,0.070s)+oryx(809,7.080s)+tee(810,0.010s)+bash(808,0.000s)=total(33.550s)" date="2025-11-25T06:06:50.595" /><!-- duration: 29ms -->
                <step title="bash: no io activity for 60s, prev-cpu=-1.000s, current-cpu=33.550s" date="2025-11-25T06:06:50.647" /><!-- duration: 19ms -->
                <step title="Cpu: python(935,45.410s)+ts(936,0.120s)+build.sh(934,0.000s)+build.sh(933,0.000s)+build.sh(828,0.070s)+oryx(809,7.170s)+tee(810,0.010s)+bash(808,0.000s)=total(52.780s)" date="2025-11-25T06:07:52.306" /><!-- duration: 396ms -->
                <step title="bash: no io activity for 122s, prev-cpu=33.550s, current-cpu=52.780s" date="2025-11-25T06:07:52.749" /><!-- duration: 162ms -->
                <step title="Cpu: python(935,56.050s)+ts(936,0.120s)+build.sh(934,0.000s)+build.sh(933,0.000s)+build.sh(828,0.070s)+oryx(809,7.220s)+tee(810,0.010s)+bash(808,0.000s)=total(63.470s)" date="2025-11-25T06:08:53.594" /><!-- duration: 20ms -->
                <step title="bash: no io activity for 183s, prev-cpu=52.780s, current-cpu=63.470s" date="2025-11-25T06:08:53.690" /><!-- duration: 47ms -->
              </step><!-- duration: 372484ms -->
              <step title="Using PythonDeploymentLogParser" date="2025-11-25T06:10:46.805" /><!-- duration: 2ms -->
              <step title="Triggering recycle (preview mode disabled)." date="2025-11-25T06:10:48.089" /><!-- duration: 14ms -->
              <step title="Modified file to trigger a restart of the app container." date="2025-11-25T06:10:48.144" /><!-- duration: 2ms -->
              <step title="Skip function trigger and logicapp sync because function is not enabled." date="2025-11-25T06:10:48.157" /><!-- duration: 10ms -->
            </step><!-- duration: 375430ms -->
          </step><!-- duration: 375727ms -->
          <step title="Cleaning up temp files" date="2025-11-25T06:10:48.914" /><!-- duration: 3412ms -->
          <step title="Cleaning up temp files" date="2025-11-25T06:10:52.334" /><!-- duration: 512ms -->
          <step title="Reloading status file with latest updates" date="2025-11-25T06:10:52.885" >
            <step title="WebHooksManager.PublishEventAsync: PostDeployment" date="2025-11-25T06:10:52.888" /><!-- duration: 104ms -->
          </step><!-- duration: 109ms -->
          <step title="Cleaning up temporary deployment - fetch deployment was successful" date="2025-11-25T06:10:53.000" /><!-- duration: 2ms -->
        </step><!-- duration: 380017ms -->
      </step><!-- duration: 382312ms -->
