<step title="BackgroundTrace" date="2025-11-25T06:30:41.887" instance="a48454" url="/deploy" method="POST" >
  <step title="Creating temporary deployment - FetchDeploymentManager" date="2025-11-25T06:30:42.034" /><!-- duration: 1ms -->
  <step title="Creating temporary deployment" date="2025-11-25T06:30:42.038" /><!-- duration: 65ms -->
  <step title="Performing fetch based deployment" date="2025-11-25T06:30:42.190" >
    <step title="Deployment timer started" date="2025-11-25T06:30:45.269" >
      <step title="DeploymentManager.Deploy(id:0d17140efe42226b2d6463559d6899961aafeedf)" date="2025-11-25T06:30:45.277" >
        <step title="Collecting changeset information" date="2025-11-25T06:30:45.308" /><!-- duration: 106ms -->
        <step title="Updating submodules" date="2025-11-25T06:30:45.489" /><!-- duration: 1109ms -->
        <step title="Determining deployment builder" date="2025-11-25T06:30:46.883" >
          <step title="Builder is OryxBuilder" date="2025-11-25T06:30:46.893" /><!-- duration: 7ms -->
        </step><!-- duration: 26ms -->
        <step title="PreDeployment: context.CleanOutputPath False" date="2025-11-25T06:30:46.970" >
          <step title="PreDeployment: context.OutputPath /home/site/wwwroot" date="2025-11-25T06:30:47.096" >
            <step title="Building" date="2025-11-25T06:30:47.264" >
              <step title="Executing external process" date="2025-11-25T06:30:47.555" type="process" path="bash" arguments="-c &quot;oryx build /home/site/repository -o /home/site/wwwroot --platform python --platform-version 3.11 -p virtualenv_name=antenv --log-file /tmp/build-debug.log  -i /tmp/8de2bec2b22230c --compress-destination-dir | tee /tmp/oryx-build.log ; exit $PIPESTATUS &quot;" >
                <step title="Cpu: python(1357,40.050s)+ts(1358,0.130s)+build.sh(1356,0.000s)+build.sh(1355,0.000s)+build.sh(1274,0.060s)+oryx(1255,3.180s)+tee(1256,0.000s)+bash(1254,0.000s)=total(43.420s)" date="2025-11-25T06:32:11.939" /><!-- duration: 20ms -->
                <step title="bash: no io activity for 61s, prev-cpu=-1.000s, current-cpu=43.420s" date="2025-11-25T06:32:11.976" /><!-- duration: 10ms -->
                <step title="Cpu: python(1357,52.790s)+ts(1358,0.130s)+build.sh(1356,0.000s)+build.sh(1355,0.000s)+build.sh(1274,0.060s)+oryx(1255,3.320s)+tee(1256,0.000s)+bash(1254,0.000s)=total(56.290s)" date="2025-11-25T06:33:13.791" /><!-- duration: 71ms -->
                <step title="bash: no io activity for 122s, prev-cpu=43.420s, current-cpu=56.290s" date="2025-11-25T06:33:13.939" /><!-- duration: 78ms -->
                <step title="Cpu: python(1357,66.930s)+ts(1358,0.130s)+build.sh(1356,0.000s)+build.sh(1355,0.000s)+build.sh(1274,0.060s)+oryx(1255,3.420s)+tee(1256,0.000s)+bash(1254,0.000s)=total(70.530s)" date="2025-11-25T06:34:14.198" /><!-- duration: 60ms -->
                <step title="bash: no io activity for 183s, prev-cpu=56.290s, current-cpu=70.530s" date="2025-11-25T06:34:14.288" /><!-- duration: 28ms -->
                <step title="Cpu: rsync(1441,4.550s)+rsync(1440,0.680s)+rsync(1439,4.150s)+build.sh(1274,0.070s)+oryx(1255,4.000s)+tee(1256,0.000s)+bash(1254,0.000s)=total(13.400s)" date="2025-11-25T06:35:55.969" /><!-- duration: 48ms -->
                <step title="bash: no io activity for 61s, prev-cpu=-1.000s, current-cpu=13.400s" date="2025-11-25T06:35:56.449" /><!-- duration: 58ms -->
                <step title="Cpu: gzip(1469,16.460s)+sh(1468,0.010s)+tar(1467,1.790s)+build.sh(1274,0.070s)+oryx(1255,4.160s)+tee(1256,0.000s)+bash(1254,0.000s)=total(22.490s)" date="2025-11-25T06:37:15.054" /><!-- duration: 30ms -->
                <step title="bash: no io activity for 60s, prev-cpu=-1.000s, current-cpu=22.490s" date="2025-11-25T06:37:15.186" /><!-- duration: 31ms -->
              </step><!-- duration: 444052ms -->
              <step title="Using PythonDeploymentLogParser" date="2025-11-25T06:38:12.024" /><!-- duration: 2ms -->
              <step title="Triggering recycle (preview mode disabled)." date="2025-11-25T06:38:13.748" /><!-- duration: 9ms -->
              <step title="Modified file to trigger a restart of the app container." date="2025-11-25T06:38:13.787" /><!-- duration: 2ms -->
              <step title="Skip function trigger and logicapp sync because function is not enabled." date="2025-11-25T06:38:13.792" /><!-- duration: 1ms -->
            </step><!-- duration: 447262ms -->
          </step><!-- duration: 447433ms -->
          <step title="Cleaning up temp files" date="2025-11-25T06:38:14.531" /><!-- duration: 2742ms -->
          <step title="Cleaning up temp files" date="2025-11-25T06:38:17.278" /><!-- duration: 542ms -->
          <step title="Reloading status file with latest updates" date="2025-11-25T06:38:17.845" >
            <step title="WebHooksManager.PublishEventAsync: PostDeployment" date="2025-11-25T06:38:17.851" /><!-- duration: 47ms -->
          </step><!-- duration: 54ms -->
          <step title="Cleaning up temporary deployment - fetch deployment was successful" date="2025-11-25T06:38:17.906" /><!-- duration: 2ms -->
        </step><!-- duration: 450992ms -->
      </step><!-- duration: 452704ms -->
