<step title="Incoming Request" date="2025-11-25T06:18:48.746" instance="a48454" url="/deploy?scmType=ExternalGit&amp;isAsync=true" method="POST" type="request" pid="774,1,7" Host="bb-test-app.scm.azurewebsites.net" User-Agent="Azure-WebSites-Controller/106.0.7.121" Authorization="Bas..." Expect="100-continue" Content-Length="90" x-ms-request-id="b0e888a2-da80-42e4-999e-9f4889362f73" X-ARR-LOG-ID="b0e888a2-da80-42e4-999e-9f4889362f73" CLIENT-IP="20.90.134.27:1923" X-SITE-DEPLOYMENT-ID="bb-test-app" WAS-DEFAULT-HOSTNAME="bb-test-app.scm.azurewebsites.net" X-MS-PLATFORM-INTERNAL="True" X-Forwarded-Proto="https" X-AppService-Proto="https" X-Forwarded-TlsVersion="1.3" X-WAWS-Unencoded-URL="/deploy?scmType=ExternalGit&amp;isAsync=true" X-Client-IP="20.90.134.27" X-Client-Port="1923" >
  <step title="FetchHandler" date="2025-11-25T06:18:49.133" >
    <step title="GitExeRepository.Initialize" date="2025-11-25T06:18:49.645" >
      <step title="Executing external process" date="2025-11-25T06:18:49.734" type="process" path="git" arguments="init" /><!-- duration: 2449ms -->
      <step title="Executing external process" date="2025-11-25T06:18:52.355" type="process" path="git" arguments="config core.autocrlf false" /><!-- duration: 351ms -->
      <step title="Executing external process" date="2025-11-25T06:18:52.723" type="process" path="git" arguments="config core.preloadindex true" /><!-- duration: 198ms -->
      <step title="Executing external process" date="2025-11-25T06:18:53.000" type="process" path="git" arguments="config user.name &quot;unknown&quot;" /><!-- duration: 417ms -->
      <step title="Executing external process" date="2025-11-25T06:18:53.465" type="process" path="git" arguments="config user.email &quot;unknown&quot;" /><!-- duration: 439ms -->
      <step title="Executing external process" date="2025-11-25T06:18:53.946" type="process" path="git" arguments="config filter.lfs.clean &quot;git-lfs clean %f&quot;" /><!-- duration: 90ms -->
      <step title="Executing external process" date="2025-11-25T06:18:54.085" type="process" path="git" arguments="config filter.lfs.smudge &quot;git-lfs smudge %f&quot;" /><!-- duration: 329ms -->
      <step title="Executing external process" date="2025-11-25T06:18:54.443" type="process" path="git" arguments="config filter.lfs.required true" /><!-- duration: 362ms -->
      <step title="Configure git server" date="2025-11-25T06:18:54.823" >
        <step title="Executing external process" date="2025-11-25T06:18:54.882" type="process" path="git" arguments="config receive.denyCurrentBranch ignore" /><!-- duration: 157ms -->
      </step><!-- duration: 234ms -->
      <step title="Create deny users for .git folder" date="2025-11-25T06:18:55.067" /><!-- duration: 127ms -->
      <step title="Configure git-credential" date="2025-11-25T06:18:55.211" >
        <step title="Executing external process" date="2025-11-25T06:18:55.278" type="process" path="git" arguments="config credential.helper &quot;!&apos;/home/site/repository/.git/hooks/git-credential-invalid.sh&apos;&quot;" /><!-- duration: 396ms -->
      </step><!-- duration: 626ms -->
      <step title="Setup post receive hook" date="2025-11-25T06:18:55.870" >
        <step title="Non-Windows enviroment, granting 755 permission to post-receive hook file" date="2025-11-25T06:18:55.928" /><!-- duration: 203ms -->
      </step><!-- duration: 298ms -->
    </step><!-- duration: 6633ms -->
    <step title="Executing external process" date="2025-11-25T06:18:56.372" type="process" path="git" arguments="log -n 1 main --" >
      <step title="Process dump" date="2025-11-25T06:18:56.635" exitCode="128" type="processOutput" /><!-- duration: 29ms -->
    </step><!-- duration: 303ms -->
    <step title="Start deployment in the background" date="2025-11-25T06:18:56.696" >
      <step title="Executing external process" date="2025-11-25T06:18:56.912" type="process" path="git" arguments="rev-parse --git-dir" /><!-- duration: 144ms -->
      <step title="Executing external process" date="2025-11-25T06:18:57.076" type="process" path="git" arguments="rev-parse --git-dir" /><!-- duration: 60ms -->
      <step title="Executing external process" date="2025-11-25T06:18:57.155" type="process" path="git" arguments="log -n 1 main --" >
        <step title="Process dump" date="2025-11-25T06:18:57.275" exitCode="128" type="processOutput" /><!-- duration: 28ms -->
      </step><!-- duration: 166ms -->
      <step title="Acquiring Deployment Lock" date="2025-11-25T06:18:57.332" /><!-- duration: 17ms -->
      <step title="Acquired Deployment Lock" date="2025-11-25T06:18:57.959" /><!-- duration: 31ms -->
    </step><!-- duration: 1512ms -->
  </step><!-- duration: 9120ms -->
  <step title="Outgoing response" date="2025-11-25T06:18:58.265" type="response" statusCode="202" statusText="Accepted" /><!-- duration: 7ms -->
</step><!-- duration: 9527ms -->
