<step title="BackgroundTrace" date="2025-11-25T06:18:56.744" instance="a48454" url="/deploy" method="POST" >
  <step title="Cleanup Xml Logs" date="2025-11-25T06:18:56.756" /><!-- duration: 50ms -->
  <step title="Creating temporary deployment - FetchDeploymentManager" date="2025-11-25T06:18:58.000" /><!-- duration: 8ms -->
  <step title="Creating temporary deployment" date="2025-11-25T06:18:58.017" /><!-- duration: 180ms -->
  <step title="Performing fetch based deployment" date="2025-11-25T06:18:59.331" >
    <step title="Deployment timer started" date="2025-11-25T06:19:12.072" >
      <step title="DeploymentManager.Deploy(id:0d17140efe42226b2d6463559d6899961aafeedf)" date="2025-11-25T06:19:12.141" >
        <step title="Collecting changeset information" date="2025-11-25T06:19:12.411" /><!-- duration: 300ms -->
        <step title="Updating submodules" date="2025-11-25T06:19:12.762" /><!-- duration: 2086ms -->
        <step title="Determining deployment builder" date="2025-11-25T06:19:15.388" >
          <step title="Builder is OryxBuilder" date="2025-11-25T06:19:15.422" /><!-- duration: 18ms -->
        </step><!-- duration: 69ms -->
        <step title="PreDeployment: context.CleanOutputPath False" date="2025-11-25T06:19:15.543" >
          <step title="PreDeployment: context.OutputPath /home/site/wwwroot" date="2025-11-25T06:19:15.833" >
            <step title="Building" date="2025-11-25T06:19:16.121" >
              <step title="Executing external process" date="2025-11-25T06:19:16.940" type="process" path="bash" arguments="-c &quot;oryx build /home/site/repository -o /home/site/wwwroot --platform python --platform-version 3.11 -p virtualenv_name=antenv --log-file /tmp/build-debug.log  -i /tmp/8de2bea8f000cb6 --compress-destination-dir | tee /tmp/oryx-build.log ; exit $PIPESTATUS &quot;" >
                <step title="Cpu: gzip(880,7.630s)+tar(879,2.550s)+build.sh(869,0.010s)+oryx(844,8.170s)+tee(845,0.000s)+bash(843,0.010s)=total(18.350s)" date="2025-11-25T06:20:51.481" /><!-- duration: 12ms -->
                <step title="bash: no io activity for 60s, prev-cpu=-1.000s, current-cpu=18.350s" date="2025-11-25T06:20:51.531" /><!-- duration: 31ms -->
                <step title="Cpu: python(989,20.750s)+ts(990,0.140s)+build.sh(988,0.000s)+build.sh(987,0.000s)+build.sh(869,0.060s)+oryx(844,8.590s)+tee(845,0.000s)+bash(843,0.010s)=total(29.550s)" date="2025-11-25T06:22:49.496" /><!-- duration: 51ms -->
                <step title="bash: no io activity for 60s, prev-cpu=-1.000s, current-cpu=29.550s" date="2025-11-25T06:22:49.578" /><!-- duration: 20ms -->
                <step title="Cpu: python(989,31.130s)+ts(990,0.140s)+build.sh(988,0.000s)+build.sh(987,0.000s)+build.sh(869,0.060s)+oryx(844,8.660s)+tee(845,0.000s)+bash(843,0.010s)=total(40.000s)" date="2025-11-25T06:23:50.404" /><!-- duration: 148ms -->
                <step title="bash: no io activity for 121s, prev-cpu=29.550s, current-cpu=40.000s" date="2025-11-25T06:23:50.654" /><!-- duration: 62ms -->
                <step title="Cpu: python(989,48.710s)+ts(990,0.140s)+build.sh(988,0.000s)+build.sh(987,0.000s)+build.sh(869,0.060s)+oryx(844,8.750s)+tee(845,0.000s)+bash(843,0.010s)=total(57.660s)" date="2025-11-25T06:24:51.855" /><!-- duration: 97ms -->
                <step title="bash: no io activity for 183s, prev-cpu=40.000s, current-cpu=57.660s" date="2025-11-25T06:24:52.279" /><!-- duration: 47ms -->
                <step title="Cpu: python(989,68.140s)+ts(990,0.140s)+build.sh(988,0.000s)+build.sh(987,0.000s)+build.sh(869,0.060s)+oryx(844,8.770s)+tee(845,0.000s)+bash(843,0.010s)=total(77.120s)" date="2025-11-25T06:25:53.063" /><!-- duration: 20ms -->
                <step title="bash: no io activity for 244s, prev-cpu=57.660s, current-cpu=77.120s" date="2025-11-25T06:25:53.246" /><!-- duration: 119ms -->
                <step title="Cpu: gzip(1144,21.220s)+sh(1143,0.000s)+tar(1142,2.220s)+build.sh(869,0.070s)+oryx(844,9.260s)+tee(845,0.000s)+bash(843,0.010s)=total(32.770s)" date="2025-11-25T06:27:51.254" /><!-- duration: 116ms -->
                <step title="bash: no io activity for 61s, prev-cpu=-1.000s, current-cpu=32.770s" date="2025-11-25T06:27:51.711" /><!-- duration: 221ms -->
              </step><!-- duration: 558619ms -->
              <step title="Using PythonDeploymentLogParser" date="2025-11-25T06:28:37.249" /><!-- duration: 40ms -->
              <step title="Triggering recycle (preview mode disabled)." date="2025-11-25T06:28:40.305" /><!-- duration: 60ms -->
              <step title="Modified file to trigger a restart of the app container." date="2025-11-25T06:28:40.510" /><!-- duration: 68ms -->
              <step title="Skip function trigger and logicapp sync because function is not enabled." date="2025-11-25T06:28:40.684" /><!-- duration: 26ms -->
            </step><!-- duration: 566712ms -->
          </step><!-- duration: 567077ms -->
          <step title="Cleaning up temp files" date="2025-11-25T06:28:42.973" /><!-- duration: 19299ms -->
          <step title="Cleaning up temp files" date="2025-11-25T06:29:02.343" /><!-- duration: 546ms -->
          <step title="Reloading status file with latest updates" date="2025-11-25T06:29:02.968" >
            <step title="WebHooksManager.PublishEventAsync: PostDeployment" date="2025-11-25T06:29:02.991" /><!-- duration: 698ms -->
          </step><!-- duration: 740ms -->
          <step title="Cleaning up temporary deployment - fetch deployment was successful" date="2025-11-25T06:29:03.738" /><!-- duration: 10ms -->
        </step><!-- duration: 588294ms -->
      </step><!-- duration: 591878ms -->
