<step title="Incoming Request" date="2025-11-25T06:04:18.016" instance="a48454" url="/api/zipdeploy?isAsync=true" method="POST" type="request" pid="775,1,7" Accept="*/*" Host="bb-test-app.scm.azurewebsites.net" User-Agent="AZURECLI/2.66.0 (HOMEBREW)" Accept-Encoding="gzip, deflate" Authorization="Bas..." Cache-Control="no-cache" Content-Type="application/octet-stream" Content-Length="556360" x-ms-client-request-id="3439af1c-c9c4-11f0-86ab-422ba04966a4" x-ms-artifact-checksum="cfeb504e2280ccc1a1f8e4ed9df315b9d9e22e77fb85284820c6073ea7d4e250" X-ARR-LOG-ID="3439af1c-c9c4-11f0-86ab-422ba04966a4" CLIENT-IP="78.111.197.245:58309" X-SITE-DEPLOYMENT-ID="bb-test-app" WAS-DEFAULT-HOSTNAME="bb-test-app.scm.azurewebsites.net" X-Forwarded-Proto="https" X-AppService-Proto="https" X-Forwarded-TlsVersion="1.3" X-WAWS-Unencoded-URL="/api/zipdeploy?isAsync=true" X-Client-IP="78.111.197.245" X-Client-Port="58309" >
  <step title="ZipPushDeploy" date="2025-11-25T06:04:21.964" >
    <step title="ZipDeploy. Extract zip. Remote build." date="2025-11-25T06:04:22.022" /><!-- duration: 10ms -->
    <step title="None repository commit" date="2025-11-25T06:04:22.093" >
      <step title="Commit id: 79f96512-ca5a-4663-954e-a85987913a12" date="2025-11-25T06:04:22.122" Message="N/A" AuthorName="N/A" AuthorEmail="N/A" /><!-- duration: 22ms -->
    </step><!-- duration: 70ms -->
    <step title="Starting PushDeployAsync" date="2025-11-25T06:04:22.182" /><!-- duration: 18ms -->
    <step title="Writing artifact to /tmp/zipdeploy/81075195-6c4a-40cb-af94-b1b67cbdf522.zip" date="2025-11-25T06:04:22.365" >
      <step title="Writing multipart request body to /tmp/zipdeploy/81075195-6c4a-40cb-af94-b1b67cbdf522.zip" date="2025-11-25T06:04:22.377" /><!-- duration: 40ms -->
    </step><!-- duration: 1169ms -->
    <step title="Start deployment in the background" date="2025-11-25T06:04:23.740" >
      <step title="Acquiring Deployment Lock" date="2025-11-25T06:04:24.129" /><!-- duration: 29ms -->
      <step title="Acquired Deployment Lock" date="2025-11-25T06:04:24.724" /><!-- duration: 23ms -->
    </step><!-- duration: 1376ms -->
  </step><!-- duration: 3240ms -->
  <step title="Outgoing response" date="2025-11-25T06:04:25.411" type="response" statusCode="202" statusText="Accepted" /><!-- duration: 10ms -->
</step><!-- duration: 7408ms -->
