﻿<?xml version="1.0" encoding="utf-8"?>
<deployment>
  <id>0d17140efe42226b2d6463559d6899961aafeedf</id>
  <author>buxtonbluecat</author>
  <deployer>GitHub</deployer>
  <authorEmail>tim.wyatt@optimise.gg</authorEmail>
  <message>Add self-deployment feature with GitHub support and Azure AD authentication</message>
  <progress></progress>
  <status>Success</status>
  <statusText></statusText>
  <lastSuccessEndTime>2025-11-25T06:38:14.1746984Z</lastSuccessEndTime>
  <receivedTime>2025-11-25T06:19:12.5377318Z</receivedTime>
  <startTime>2025-11-25T06:30:46.7741874Z</startTime>
  <endTime>2025-11-25T06:38:14.1746984Z</endTime>
  <complete>True</complete>
  <is_temp>False</is_temp>
  <is_readonly>False</is_readonly>
  <buildSummary />
</deployment>